<XML>
  <ammunation name="ammu140,-72,1">
    <x>140.96</x>
    <y>-72.51</y>
    <z>1.42</z>
    <weapon>
      <type>0</type>
      <ammo>0</ammo>
      <price>0</price>
    </weapon>
    <weapon>
      <type>12</type>
      <ammo>1010</ammo>
      <price>10</price>
    </weapon>
    <weapon>
      <type>6</type>
      <ammo>200</ammo>
      <price>100</price>
    </weapon>
    <give>2</give>
  </ammunation>
  <ammunation name="ammu158,-22,1">
    <x>158.15</x>
    <y>-22.02</y>
    <z>1.57</z>
    <weapon>
      <type>0</type>
      <ammo>0</ammo>
      <price>0</price>
    </weapon>
    <weapon>
      <type>2</type>
      <ammo>1100</ammo>
      <price>1000</price>
    </weapon>
    <give>0</give>
  </ammunation>
  <property name="s3">
    <x>1958.37</x>
    <y>1343.15</y>
    <z>15.37</z>
    <price>10000</price>
    <delay>10000</delay>
    <reward>10000</reward>
  </property>
  <property name="s2">
    <x>1958.37</x>
    <y>1343.15</y>
    <z>15.37</z>
    <price>10000</price>
    <delay>10000</delay>
    <reward>10000</reward>
  </property>
  <property name="woop">
    <x>1958.37</x>
    <y>1343.15</y>
    <z>15.37</z>
    <price>10000</price>
    <delay>10000</delay>
    <reward>10000</reward>
  </property>
  <property name="field">
    <x>2333.46</x>
    <y>2345.51</y>
    <z>10.82</z>
    <price>10</price>
    <delay>1000</delay>
    <reward>10000</reward>
  </property>
  <ammunation name="ammu2143,2092,10">
    <x>2143.97</x>
    <y>2092.52</y>
    <z>10.35</z>
    <weapon>
      <type>0</type>
      <ammo>0</ammo>
      <price>0</price>
    </weapon>
    <weapon>
      <type>6</type>
      <ammo>100</ammo>
      <price>10000</price>
    </weapon>
    <give>3</give>
  </ammunation>
  <ammunation name="ammu2144,1864,10">
    <x>2144.94</x>
    <y>1864.93</y>
    <z>10.35</z>
    <weapon>
      <type>100</type>
      <ammo>200</ammo>
      <price>10000</price>
    </weapon>
    <weapon>
      <type>0</type>
      <ammo>0</ammo>
      <price>0</price>
    </weapon>
    <weapon>
      <type>31</type>
      <ammo>1</ammo>
      <price>30000</price>
    </weapon>
    <weapon>
      <type>6</type>
      <ammo>200</ammo>
      <price>10000</price>
    </weapon>
    <give>1</give>
  </ammunation>
  <property name="outside">
    <x>2770.82</x>
    <y>2446.67</y>
    <z>10.82</z>
    <price>11110</price>
    <reward>1111</reward>
    <delay>120000</delay>
    <increase>1</increase>
  </property>
  <ammunation name="ammu2771,2447,10">
    <z>10.82</z>
    <y>2447.41</y>
    <x>2771.70</x>
    <weapon>
      <price>200</price>
      <ammo>200</ammo>
      <type>100</type>
    </weapon>
    <weapon>
      <price>100</price>
      <ammo>1000</ammo>
      <type>22</type>
    </weapon>
    <weapon>
      <price>10000</price>
      <ammo>199</ammo>
      <type>3</type>
    </weapon>
    <give>1</give>
  </ammunation>
</XML>